Fonte,Título,Empresa,Link,Data
Vagas.com,Técnico de Enfermagem - Vila Velha / ES - Supervisor de Dados,Epimed Solutions,https://www.vagas.com.br/vagas/v2748454/tecnico-de-enfermagem-vila-velha-es-supervisor-de-dados,2025-09-03 20:58:26
Vagas.com,Analista Qualidade Pleno - Qualidade - Acurácia de Dados - Corporativo RJ,Rede D'Or,https://www.vagas.com.br/vagas/v2756677/analista-qualidade-pleno-qualidade-acuracia-de-dados-corporativo-rj,2025-09-03 20:58:26
Vagas.com,"Técnicos de Enfermagem: Supervisor de Dados - Macapá, Laranjal do Jaí, Oiapoque e Tartarugalzinho",Epimed Solutions,https://www.vagas.com.br/vagas/v2757151/tecnicos-de-enfermagem-supervisor-de-dados-macapa-laranjal-do-jai-oiapoque-e-tartarugalzinho,2025-09-03 20:58:26
Vagas.com,Analista de Distribuição - Área de Dados - Vaga Exclusiva para Pessoa com Deficiência,Equatorial Energia,https://www.vagas.com.br/vagas/v2758875/analista-de-distribuicao-area-de-dados-vaga-exclusiva-para-pessoa-com-deficiencia,2025-09-03 20:58:26
Vagas.com,"Bolsista Doutor [engenharias, Estatística, Matemática, Física, Economia, Ciência de Dados] Bradesco",IEL - Inova Talentos,https://www.vagas.com.br/vagas/v2757730/bolsista-doutor-engenharias-estatistica-matematica-fisica-economia-ciencia-de-dados-bradesco,2025-09-03 20:58:26
Vagas.com,"Bolsista Mestre [engenharias, Estatística, Matemática, Física, Economia, Ciência de Dados] Bradesco",IEL-SP,https://www.vagas.com.br/vagas/v2751278/bolsista-mestre-engenharias-estatistica-matematica-fisica-economia-ciencia-de-dados-bradesco,2025-09-03 20:58:26
Vagas.com,Analista de Bi - Vaga Afirmativa Também para o Público Pcd - 93682,Manpower,https://www.vagas.com.br/vagas/v2754082/analista-de-bi-vaga-afirmativa-tambem-para-o-publico-pcd-93682,2025-09-03 20:58:26
Vagas.com,Estágio em Dados e Wcm,Saint Gobain Abrasivos,https://www.vagas.com.br/vagas/v2753824/estagio-em-dados-e-wcm,2025-09-03 20:58:25
Vagas.com,Coordenador de Ciência de Dados,Grupo Fleury,https://www.vagas.com.br/vagas/v2753264/coordenador-de-ciencia-de-dados,2025-09-03 20:58:25
Vagas.com,Especialista em Ciência de Dados,Michelin Connected Fleet,https://www.vagas.com.br/vagas/v2754490/especialista-em-ciencia-de-dados,2025-09-03 20:58:25
Vagas.com,ANL Dados I - Ânima,Ânima,https://www.vagas.com.br/vagas/v2753576/anl-dados-i-anima,2025-09-03 20:58:25
Vagas.com,Estagiário(a) em Ciência de Dados,Bahia Asset,https://www.vagas.com.br/vagas/v2745147/estagiario-a-em-ciencia-de-dados,2025-09-03 20:58:25
Vagas.com,10872 - Analista de Banco de Dados Sênior,Confidencial,https://www.vagas.com.br/vagas/v2747318/10872-analista-de-banco-de-dados-senior,2025-09-03 20:58:25
Vagas.com,ANL Orçamento Pleno (Dados e Indicadores),SulAmérica,https://www.vagas.com.br/vagas/v2750239/anl-orcamento-pleno-dados-e-indicadores,2025-09-03 20:58:25
Vagas.com,Coordenador(a) em Governança de Dados Mestres de Materiais,Proativa RH,https://www.vagas.com.br/vagas/v2750750/coordenador-a-em-governanca-de-dados-mestres-de-materiais,2025-09-03 20:58:25
Vagas.com,Estagiário(a) de Engenharia (análise de Dados) - Divinópolis,Master Internet,https://www.vagas.com.br/vagas/v2757277/estagiario-a-de-engenharia-analise-de-dados-divinopolis,2025-09-03 20:58:25
Vagas.com,Analista de Reportes de Dados Sênior - (Power Bi) - 026557,Lyon Engenharia,https://www.vagas.com.br/vagas/v2749900/analista-de-reportes-de-dados-senior-power-bi-026557,2025-09-03 20:58:25
Vagas.com,Técnico Enfermagem - Jatai / GO - Supervisor de Dados,Epimed Solutions,https://www.vagas.com.br/vagas/v2747986/tecnico-enfermagem-jatai-go-supervisor-de-dados,2025-09-03 20:58:25
Vagas.com,It Engineer,Alliança Recursos Humanos,https://www.vagas.com.br/vagas/v2752803/it-engineer,2025-09-03 20:57:50
Vagas.com,Analista de Inteligência de Dados Júnior - Vaga Afirmativa Também para o Público Pcd - 98764,Manpower,https://www.vagas.com.br/vagas/v2754767/analista-de-inteligencia-de-dados-junior-vaga-afirmativa-tambem-para-o-publico-pcd-98764,2025-09-03 20:57:49
Vagas.com,Analista de Inteligência de Dados (Dat Avis) Júnior - Vaga Afirmativa Também para o Público Pcd,Manpower,https://www.vagas.com.br/vagas/v2754770/analista-de-inteligencia-de-dados-dat-avis-junior-vaga-afirmativa-tambem-para-o-publico-pcd,2025-09-03 20:57:49
Vagas.com,Analista de Inteligência de Dados Júnior - Vaga Afirmativa Também para o Público Pcd - 98764,Confidencial,https://www.vagas.com.br/vagas/v2754791/analista-de-inteligencia-de-dados-junior-vaga-afirmativa-tambem-para-o-publico-pcd-98764,2025-09-03 20:57:49
Vagas.com,Analista de Inteligência de Dados (Datavis) Júnior - Vaga Afirmativa Também para o Público Pcd - 98765,Manpower,https://www.vagas.com.br/vagas/v2754787/analista-de-inteligencia-de-dados-datavis-junior-vaga-afirmativa-tambem-para-o-publico-pcd-98765,2025-09-03 20:57:49
Vagas.com,Estágio Superior - Data Factory,Vallourec Tubos do Brasil Ltda,https://www.vagas.com.br/vagas/v2745652/estagio-superior-data-factory,2025-09-03 20:57:49
Vagas.com,Estagiário de Estatística - Ciência de Dados,Epimed Solutions,https://www.vagas.com.br/vagas/v2756392/estagiario-de-estatistica-ciencia-de-dados,2025-09-03 20:57:48
Vagas.com,Analista Sênior de Engenharia de Dados,Confidencial,https://www.vagas.com.br/vagas/v2750504/analista-senior-de-engenharia-de-dados,2025-09-03 20:57:48
Vagas.com,Gerente de Projetos – Tecnologia da Informação,Confidencial,https://www.vagas.com.br/vagas/v2756108/gerente-de-projetos-tecnologia-da-informacao,2025-09-03 20:57:36
Vagas.com,Assistente de Tecnologia da Informação (Infra e Suporte),Odebrecht Engenharia & Construção,https://www.vagas.com.br/vagas/v2753127/assistente-de-tecnologia-da-informacao-infra-e-suporte,2025-09-03 20:57:36
Vagas.com,Estagiário Enfermagem - Inovação e Tecnologia em Saúde,Epimed Solutions,https://www.vagas.com.br/vagas/v2756402/estagiario-enfermagem-inovacao-e-tecnologia-em-saude,2025-09-03 20:57:36
Vagas.com,Assistente de Coleta e Logística - Instituto de Tecnologia e Pesquisa,Instituto de Tecnologia e Pesquisa (ITP),https://www.vagas.com.br/vagas/v2752956/assistente-de-coleta-e-logistica-instituto-de-tecnologia-e-pesquisa,2025-09-03 20:57:36
Vagas.com,Professor de Tecnologia Educacional - Polo Educacional Sesc,Sesc DN,https://www.vagas.com.br/vagas/v2758436/professor-de-tecnologia-educacional-polo-educacional-sesc,2025-09-03 20:57:36
Vagas.com,SP | Consultor de Vendas e Soluções de Tecnologia II - Inglês,TP,https://www.vagas.com.br/vagas/v2751910/sp-consultor-de-vendas-e-solucoes-de-tecnologia-ii-ingles,2025-09-03 20:57:36
Vagas.com,Sales Development Representative | SDR Inbound | Tecnologia,TIVIT- SP,https://www.vagas.com.br/vagas/v2759488/sales-development-representative-sdr-inbound-tecnologia,2025-09-03 20:57:36
Vagas.com,Atendente Vendas I Tecnologia e Beleza - RIO Mar Fortaleza,RIACHUELO,https://www.vagas.com.br/vagas/v2756674/atendente-vendas-i-tecnologia-e-beleza-rio-mar-fortaleza,2025-09-03 20:57:36
Vagas.com,Analista de Tecnologia Pleno,CIEE,https://www.vagas.com.br/vagas/v2755996/analista-de-tecnologia-pleno,2025-09-03 20:57:35
Vagas.com,Coordenador de Tecnologia (026516),Lyon Engenharia,https://www.vagas.com.br/vagas/v2746238/coordenador-de-tecnologia-026516,2025-09-03 20:57:35
Vagas.com,Estágio - Tecnologia da Informação,Fundação Getulio Vargas,https://www.vagas.com.br/vagas/v2758370/estagio-tecnologia-da-informacao,2025-09-03 20:57:35
Vagas.com,Analista de Tecnologia da Qualidade | Qualidade,GWM,https://www.vagas.com.br/vagas/v2752953/analista-de-tecnologia-da-qualidade-qualidade,2025-09-03 20:57:35
Vagas.com,Programa de Entry-Level EY Tecnologia - Exclusivo PcD,EY,https://www.vagas.com.br/vagas/v2706071/programa-de-entry-level-ey-tecnologia-exclusivo-pcd,2025-09-03 20:57:22
Vagas.com,Programa de Entry-Level EY Tecnologia,EY,https://www.vagas.com.br/vagas/v2706059/programa-de-entry-level-ey-tecnologia,2025-09-03 20:57:21
Vagas.com,Estágio Nível Superior - Sistemas,Vallourec Tubos do Brasil Ltda,https://www.vagas.com.br/vagas/v2746727/estagio-nivel-superior-sistemas,2025-09-03 20:57:00
Vagas.com,Consultor de RH - Sistemas de Gestão,Grupo Fleury,https://www.vagas.com.br/vagas/v2753494/consultor-de-rh-sistemas-de-gestao,2025-09-03 20:57:00
Vagas.com,Analista de Sistemas Pl - Product Owner - Onco Star,Rede D'Or,https://www.vagas.com.br/vagas/v2754169/analista-de-sistemas-pl-product-owner-onco-star,2025-09-03 20:57:00
Vagas.com,Docente Análise e Desenvolvimento de Sistemas | Unp Mossoró,UnP,https://www.vagas.com.br/vagas/v2740824/docente-analise-e-desenvolvimento-de-sistemas-unp-mossoro,2025-09-03 20:57:00
Vagas.com,Técnico de Sistemas (VAGA Extensiva para Pessoas com Deficiência),Concremat,https://www.vagas.com.br/vagas/v2758980/tecnico-de-sistemas-vaga-extensiva-para-pessoas-com-deficiencia,2025-09-03 20:57:00
Vagas.com,"Bolsista Mestre [estatística, Matemática, Sistemas de Informação e Áreas Correlatas] Ict Itaú",IEL - Inova Talentos,https://www.vagas.com.br/vagas/v2758510/bolsista-mestre-estatistica-matematica-sistemas-de-informacao-e-areas-correlatas-ict-itau,2025-09-03 20:57:00
Vagas.com,"Bolsista Doutor [estatística, Matemática, Sistemas de Informação e Áreas Correlatas] Ict Itaú",IEL-SP,https://www.vagas.com.br/vagas/v2758558/bolsista-doutor-estatistica-matematica-sistemas-de-informacao-e-areas-correlatas-ict-itau,2025-09-03 20:57:00
Vagas.com,Analista de Sistemas I,Hospital Pequeno Príncipe,https://www.vagas.com.br/vagas/v2743493/analista-de-sistemas-i,2025-09-03 20:56:59
Vagas.com,Analista de Sistemas Pl,Grupo Fleury,https://www.vagas.com.br/vagas/v2758274/analista-de-sistemas-pl,2025-09-03 20:56:59
Vagas.com,Coordenador de Sistemas,Grupo Fleury,https://www.vagas.com.br/vagas/v2758854/coordenador-de-sistemas,2025-09-03 20:56:59
Vagas.com,Analista de Sistemas Pleno,Biolab Farmacêutica,https://www.vagas.com.br/vagas/v2757993/analista-de-sistemas-pleno,2025-09-03 20:56:59
Vagas.com,Estagiário de Sistemas de Informação,Michelin,https://www.vagas.com.br/vagas/v2757213/estagiario-de-sistemas-de-informacao,2025-09-03 20:56:59
Vagas.com,Analista de Desenvolvimento de Sistemas Júnior,MARFRIG GLOBAL FOODS SA,https://www.vagas.com.br/vagas/v2755743/analista-de-desenvolvimento-de-sistemas-junior,2025-09-03 20:56:59
Vagas.com,Analista de Desenvolvimento Pleno - Sistemas,Hospital São Camilo,https://www.vagas.com.br/vagas/v2754186/analista-de-desenvolvimento-pleno-sistemas,2025-09-03 20:56:59
Vagas.com,Coordenador de Arquitetura de Sistemas,Grupo Fleury,https://www.vagas.com.br/vagas/v2754073/coordenador-de-arquitetura-de-sistemas,2025-09-03 20:56:59
Vagas.com,Analista de Validação de Sistemas Computadorizados Sr (VSC),União Química Farmacêutica Nacional S/A,https://www.vagas.com.br/vagas/v2752547/analista-de-validacao-de-sistemas-computadorizados-sr-vsc,2025-09-03 20:56:53
Vagas.com,Analista de Sistemas Sr (Totvs Protheus),SMC AUTOMAÇÃO DO BRASIL LTDA,https://www.vagas.com.br/vagas/v2757785/analista-de-sistemas-sr-totvs-protheus,2025-09-03 20:56:53
Vagas.com,Analista de Ciência de Dados Sênior,Inspirali,https://www.vagas.com.br/vagas/v2752198/analista-de-ciencia-de-dados-senior,2025-09-03 20:56:53
Vagas.com,Analista de Recursos Humanos Jr - Desenvolvimento de Sistemas de RH,UNIÃO QUÍMICA,https://www.vagas.com.br/vagas/v2758499/analista-de-recursos-humanos-jr-desenvolvimento-de-sistemas-de-rh,2025-09-03 20:56:52
Vagas.com,Analista de Sistemas - Tasy,Fundação São Francisco Xavier,https://www.vagas.com.br/vagas/v2752076/analista-de-sistemas-tasy,2025-09-03 20:56:52
Vagas.com,Analista de Sistemas Pleno (Projeto Saúde Digital),Fundação Faculdade de Medicina,https://www.vagas.com.br/vagas/v2758901/analista-de-sistemas-pleno-projeto-saude-digital,2025-09-03 20:56:52
Vagas.com,Estagiários Enfermagem - Santo André e São Bernardo / SP - Atuação em Gestão de Dados Hospitalares,Epimed Solutions,https://www.vagas.com.br/vagas/v2758447/estagiarios-enfermagem-santo-andre-e-sao-bernardo-sp-atuacao-em-gestao-de-dados-hospitalares,2025-09-03 20:56:52
Vagas.com,Analista de Sistemas Pl.,Grupo Dislub Equador,https://www.vagas.com.br/vagas/v2752725/analista-de-sistemas-pl,2025-09-03 20:56:52
Vagas.com,Supervisor(a) de Customer Success – TI,Penso Tecnologia,https://www.vagas.com.br/vagas/v2750158/supervisor-a-de-customer-success-ti,2025-09-03 20:56:51
Vagas.com,Líder Técnico TI - Candeias,Indra Company,https://www.vagas.com.br/vagas/v2758797/lider-tecnico-ti-candeias,2025-09-03 20:56:51
Vagas.com,Analista de TI Sr. - SAP Ps,TAESA,https://www.vagas.com.br/vagas/v2758838/analista-de-ti-sr-sap-ps,2025-09-03 20:56:51
Vagas.com,Estagiário de TI (Infraestrutura e Suporte),Confidencial,https://www.vagas.com.br/vagas/v2759215/estagiario-de-ti-infraestrutura-e-suporte,2025-09-03 20:56:51
Vagas.com,Consultor Técnico Jr TI / São Paulo,FI GROUP,https://www.vagas.com.br/vagas/v2750028/consultor-tecnico-jr-ti-sao-paulo,2025-09-03 20:56:51
Vagas.com,Analista de Suporte de TI - Unisul | Tubarão,UniSul,https://www.vagas.com.br/vagas/v2753331/analista-de-suporte-de-ti-unisul-tubarao,2025-09-03 20:56:51
Vagas.com,Técnico de Suporte TI I - Unisul - Itajaí,UniSul,https://www.vagas.com.br/vagas/v2755421/tecnico-de-suporte-ti-i-unisul-itajai,2025-09-03 20:56:51
Vagas.com,Técnico de Suporte de TI - Anhembi Morumbi - Paulista,Universidade Anhembi Morumbi,https://www.vagas.com.br/vagas/v2752801/tecnico-de-suporte-de-ti-anhembi-morumbi-paulista,2025-09-03 20:56:51
Vagas.com,Gerente de Governança de TI – Corporativo RJ/SP,Rede D'Or,https://www.vagas.com.br/vagas/v2758442/gerente-de-governanca-de-ti-corporativo-rj-sp,2025-09-03 20:56:51
Vagas.com,Líder Técnico TI - Alto do Rodrigues/RN,Indra Company,https://www.vagas.com.br/vagas/v2758648/lider-tecnico-ti-alto-do-rodrigues-rn,2025-09-03 20:56:51
Vagas.com,"Bolsista Graduado [ Eng. da Computação; Sistemas de Informação, Ciência da Comp.] Thyssenkrupp",IEL - Inova Talentos,https://www.vagas.com.br/vagas/v2746178/bolsista-graduado-eng-da-computacao-sistemas-de-informacao-ciencia-da-comp-thyssenkrupp,2025-09-03 20:56:51
Vagas.com,Analista de TI,Robert Half,https://www.vagas.com.br/vagas/v2752128/analista-de-ti,2025-09-03 20:56:50
Vagas.com,Coordenador de TI,Penso Tecnologia,https://www.vagas.com.br/vagas/v2755974/coordenador-de-ti,2025-09-03 20:56:50
Vagas.com,Assistente de TI,Confidencial,https://www.vagas.com.br/vagas/v2755411/assistente-de-ti,2025-09-03 20:56:50
Vagas.com,Técnico TI,Paranapanema,https://www.vagas.com.br/vagas/v2757309/tecnico-ti,2025-09-03 20:56:50
Vagas.com,Analista de TI Sênior,Linus Pauling,https://www.vagas.com.br/vagas/v2757649/analista-de-ti-senior,2025-09-03 20:56:50
Vagas.com,Estagiário ( TI ),Una,https://www.vagas.com.br/vagas/v2754518/estagiario-ti,2025-09-03 20:56:50
Vagas.com,Auxiliar de TI,Montana Química Ltda,https://www.vagas.com.br/vagas/v2759237/auxiliar-de-ti,2025-09-03 20:56:50
Vagas.com,Estagiário de TI,J&T Express,https://www.vagas.com.br/vagas/v2759456/estagiario-de-ti,2025-09-03 20:56:50
Vagas.com,Estagiário de TI - Tecnologia da Informação - Hospital São Carlos,Rede D'Or,https://www.vagas.com.br/vagas/v2748886/estagiario-de-ti-tecnologia-da-informacao-hospital-sao-carlos,2025-09-03 20:56:50
Vagas.com,Analista de Negócios em TI Jr,AGEO Terminais e Armazéns Gerais,https://www.vagas.com.br/vagas/v2753182/analista-de-negocios-em-ti-jr,2025-09-03 20:56:50
Vagas.com,Analista de Suporte de TI,DOME Serviços Integrados,https://www.vagas.com.br/vagas/v2754209/analista-de-suporte-de-ti,2025-09-03 20:56:50
Vagas.com,Técnico de Suporte de TI I,Confidencial,https://www.vagas.com.br/vagas/v2757189/tecnico-de-suporte-de-ti-i,2025-09-03 20:56:50
Vagas.com,Analista de Suporte de TI Jr,Oxiquímica Agrociência Ltda,https://www.vagas.com.br/vagas/v2757837/analista-de-suporte-de-ti-jr,2025-09-03 20:56:50
Vagas.com,Técnico de Infraestrutura de TI,Abertta Saúde,https://www.vagas.com.br/vagas/v2757841/tecnico-de-infraestrutura-de-ti,2025-09-03 20:56:50
Vagas.com,Especialista de TI - Manufatura,GWM,https://www.vagas.com.br/vagas/v2758432/especialista-de-ti-manufatura,2025-09-03 20:56:50
Vagas.com,10867 - Analista de Governança de TI,Talent Group,https://www.vagas.com.br/vagas/v2746022/10867-analista-de-governanca-de-ti,2025-09-03 20:56:50
Vagas.com,Tecnico Suporte TI,Una,https://www.vagas.com.br/vagas/v2759493/tecnico-suporte-ti,2025-09-03 20:56:50
Vagas.com,Analista de Sistemas Sênior,FFM,https://www.vagas.com.br/vagas/v2757667/analista-de-sistemas-senior,2025-09-03 20:56:46
Vagas.com,10918 - Coordenador de Projetos de TI,Talent Group,https://www.vagas.com.br/vagas/v2757081/10918-coordenador-de-projetos-de-ti,2025-09-03 20:56:46
Vagas.com,Pessoa Analista Sistemas III- Tecnologia da Informação,Confidencial,https://www.vagas.com.br/vagas/v2758834/pessoa-analista-sistemas-iii-tecnologia-da-informacao,2025-09-03 20:56:46
Vagas.com,10905 - Coordenador de Projetos de TI,Talent Group,https://www.vagas.com.br/vagas/v2754742/10905-coordenador-de-projetos-de-ti,2025-09-03 20:56:46
Vagas.com,Analista Sistemas de TI Sênior | Ânima Holding,Ânima,https://www.vagas.com.br/vagas/v2753873/analista-sistemas-de-ti-senior-anima-holding,2025-09-03 20:56:46
Vagas.com,Coordenador de Desenvolvimento de Sistemas,Sompo Seguros,https://www.vagas.com.br/vagas/v2755834/coordenador-de-desenvolvimento-de-sistemas,2025-09-03 20:56:46
Vagas.com,Analista de Sistemas Júnior,Abertta Saúde,https://www.vagas.com.br/vagas/v2757862/analista-de-sistemas-junior,2025-09-03 20:56:46
Vagas.com,Espec Arquitetura Sistemas TI I,Ânima,https://www.vagas.com.br/vagas/v2752744/espec-arquitetura-sistemas-ti-i,2025-09-03 20:56:46
Vagas.com,Técnico(a) de Operação de Sistemas - Vaga Afirmativa Também para o Público Pcd - 98465,Confidencial,https://www.vagas.com.br/vagas/v2756081/tecnico-a-de-operacao-de-sistemas-vaga-afirmativa-tambem-para-o-publico-pcd-98465,2025-09-03 20:56:41
Vagas.com,Programa de Estágio 2025 - TI SAP - Tecnologia da Informação,Grupo Fleury,https://www.vagas.com.br/vagas/v2756887/programa-de-estagio-2025-ti-sap-tecnologia-da-informacao,2025-09-03 20:56:39
Vagas.com,Analista de Suporte Senior TI - Hospital Assunção Sbc,Rede D'Or,https://www.vagas.com.br/vagas/v2755600/analista-de-suporte-senior-ti-hospital-assuncao-sbc,2025-09-03 20:56:39
Vagas.com,Programa de Estágio 2025 - Digital - TI,Grupo Fleury,https://www.vagas.com.br/vagas/v2757121/programa-de-estagio-2025-digital-ti,2025-09-03 20:56:38
Vagas.com,Devops Sênior - Remoto (Exclusiva para Pessoa com Deficiência),Talento Incluir,https://www.vagas.com.br/vagas/v2756922/devops-senior-remoto-exclusiva-para-pessoa-com-deficiencia,2025-09-03 20:50:28
Vagas.com,Analista de Dados,Confidencial,https://www.vagas.com.br/vagas/v2758978/analista-de-dados,2025-09-03 20:49:07
Vagas.com,Analista de Dados Bi,J&T Express,https://www.vagas.com.br/vagas/v2752728/analista-de-dados-bi,2025-09-03 20:49:07
Vagas.com,10924 - Analista de Dados Genéticos (Ngs),Talent Group,https://www.vagas.com.br/vagas/v2758445/10924-analista-de-dados-geneticos-ngs,2025-09-03 20:49:07
Vagas.com,Analista de Dados Pleno - Planejamento e Controles do Ciclo de Receita - Corporativo RJ,Rede D'Or,https://www.vagas.com.br/vagas/v2752760/analista-de-dados-pleno-planejamento-e-controles-do-ciclo-de-receita-corporativo-rj,2025-09-03 20:49:07
Vagas.com,Analista de Dados - SP/SP (Exclusiva para Pessoa com Deficiência),Talento Incluir,https://www.vagas.com.br/vagas/v2746712/analista-de-dados-sp-sp-exclusiva-para-pessoa-com-deficiencia,2025-09-03 20:49:07
Vagas.com,Estagiario - R&S,CMOC Brasil,https://www.vagas.com.br/vagas/v2757937/estagiario-r-s,2025-09-03 20:46:42
Vagas.com,Especialista em Calibração - Powertrain | R & D,GWM,https://www.vagas.com.br/vagas/v2752671/especialista-em-calibracao-powertrain-r-d,2025-09-03 20:46:42
Vagas.com,Analista de Recursos Humanos Sr - Foco em R&S,União Química Farmacêutica Nacional S/A,https://www.vagas.com.br/vagas/v2756646/analista-de-recursos-humanos-sr-foco-em-r-s,2025-09-03 20:46:42
Vagas.com,Analista de RH - Foco R&S - Segmento Offshore,Personale Consultoria de RH,https://www.vagas.com.br/vagas/v2758702/analista-de-rh-foco-r-s-segmento-offshore,2025-09-03 20:46:42
Vagas.com,10914 - Especialista em Business Intelligence (Bi),Talent Group,https://www.vagas.com.br/vagas/v2757393/10914-especialista-em-business-intelligence-bi,2025-09-03 20:46:25
Vagas.com,Analista de Atendimento Júnior - Sql,SELPE GENTE E GESTÃO,https://www.vagas.com.br/vagas/v2756468/analista-de-atendimento-junior-sql,2025-09-03 20:46:24
Vagas.com,Analista de Dados Jr.,HStern,https://www.vagas.com.br/vagas/v2755883/analista-de-dados-jr,2025-09-03 20:46:24
Vagas.com,Analista de Dados Sr - Qualidade de Dados - Corporativo RJ,Rede D'Or,https://www.vagas.com.br/vagas/v2758902/analista-de-dados-sr-qualidade-de-dados-corporativo-rj,2025-09-03 20:46:24
Vagas.com,Analista Devops Jr.,Synchro,https://www.vagas.com.br/vagas/v2747146/analista-devops-jr,2025-09-03 20:46:24
Vagas.com,10869 - Cientista de Dados,Talent Group,https://www.vagas.com.br/vagas/v2746803/10869-cientista-de-dados,2025-09-03 20:46:24
Vagas.com,Analista Bi Jr,Biolab Farmacêutica,https://www.vagas.com.br/vagas/v2745262/analista-bi-jr,2025-09-03 20:46:24
Vagas.com,Analista de Power Bi (Business Intelligence),BDO,https://www.vagas.com.br/vagas/v2753294/analista-de-power-bi-business-intelligence,2025-09-03 20:46:24
Vagas.com,Engenheiro(a) de Machine Learning (Ml),Confidencial,https://www.vagas.com.br/vagas/v2752816/engenheiro-a-de-machine-learning-ml,2025-09-03 20:46:24
Vagas.com,Analista de Dados Sr (Performance Negocios),SulAmérica,https://www.vagas.com.br/vagas/v2750842/analista-de-dados-sr-performance-negocios,2025-09-03 20:46:24
Vagas.com,Analista Performance Negocios Pl (Analista de Dados),SulAmérica,https://www.vagas.com.br/vagas/v2757948/analista-performance-negocios-pl-analista-de-dados,2025-09-03 20:46:24
Vagas.com,Analista de WEB Analytics Jr,Fundação Getulio Vargas,https://www.vagas.com.br/vagas/v2740426/analista-de-web-analytics-jr,2025-09-03 20:46:06
Vagas.com,Analista de Dados- Divinópolis,Confidencial,https://www.vagas.com.br/vagas/v2757853/analista-de-dados-divinopolis,2025-09-03 20:45:30
Vagas.com,Analista de Bi Sr,TO Brasil Consultoria em Tecnologia da Informação,https://www.vagas.com.br/vagas/v2754474/analista-de-bi-sr,2025-09-03 20:45:30
Vagas.com,Cientista de Dados,Agile Corp Serviços Especializado,https://www.vagas.com.br/vagas/v2754685/cientista-de-dados,2025-09-03 20:45:30
Vagas.com,10920 - Analista Desenvolvedor Fullstack (Node e React),Talent Group,https://www.vagas.com.br/vagas/v2757268/10920-analista-desenvolvedor-fullstack-node-e-react,2025-09-03 20:44:39
Vagas.com,Desenvolvedor Full Stack (NARWAL - Remoto),IEL-SP,https://www.vagas.com.br/vagas/v2751195/desenvolvedor-full-stack-narwal-remoto,2025-09-03 20:44:39
Vagas.com,Desenvolvedor,Grupo Domini,https://www.vagas.com.br/vagas/v2759073/desenvolvedor,2025-09-03 20:44:38
Vagas.com,Desenvolvedor Fullstack Sênior,Selpe,https://www.vagas.com.br/vagas/v2757585/desenvolvedor-fullstack-senior,2025-09-03 20:44:38
Vagas.com,10925 - Desenvolvedor Salesforce Sênior,Talent Group,https://www.vagas.com.br/vagas/v2758263/10925-desenvolvedor-salesforce-senior,2025-09-03 20:44:38
Vagas.com,Desenvolvedor Fullstack Jr.,TO Brasil Consultoria em Tecnologia da Informação,https://www.vagas.com.br/vagas/v2759120/desenvolvedor-fullstack-jr,2025-09-03 20:44:38
Vagas.com,Desenvolvedor(a) Sênior de Hardware Embarcado,AZ Consult,https://www.vagas.com.br/vagas/v2752683/desenvolvedor-a-senior-de-hardware-embarcado,2025-09-03 20:44:38
Vagas.com,Desenvolvedor Backend (Java),Sillion Serviços de Tecnologia LTDA,https://www.vagas.com.br/vagas/v2753671/desenvolvedor-backend-java,2025-09-03 20:44:38
Vagas.com,Desenvolvedor(a) Sênior Full Stack,OMNI - Soluções Digitais para Saúde,https://www.vagas.com.br/vagas/v2757881/desenvolvedor-a-senior-full-stack,2025-09-03 20:44:38
Vagas.com,10893 - Analista Desenvolvedor .net (Sustentação),Talent Group,https://www.vagas.com.br/vagas/v2752773/10893-analista-desenvolvedor-net-sustentacao,2025-09-03 20:44:38
Vagas.com,Desenvolvedor/a de Software Sênior - Full Stack,Tetra Tech América do Sul,https://www.vagas.com.br/vagas/v2753416/desenvolvedor-a-de-software-senior-full-stack,2025-09-03 20:44:38
Vagas.com,Desenvolvedor Full Stack Especialista,Associação Brasileira de Recursos em Telecomunicações,https://www.vagas.com.br/vagas/v2754001/desenvolvedor-full-stack-especialista,2025-09-03 20:44:38
Vagas.com,Desenvolvedor III - Sisvida.,Icatu Seguros,https://www.vagas.com.br/vagas/v2751371/desenvolvedor-iii-sisvida,2025-09-03 20:42:18
Vagas.com,Analista Engenheiro de Dados Jr,Grupo Fleury,https://www.vagas.com.br/vagas/v2758004/analista-engenheiro-de-dados-jr,2025-09-03 20:42:17
Vagas.com,Analista de Bi Sênior,UNIÃO QUÍMICA,https://www.vagas.com.br/vagas/v2755571/analista-de-bi-senior,2025-09-03 20:42:12
Vagas.com,Desenvolvedor de Hardware e Firmware,Sillion Serviços de Tecnologia LTDA,https://www.vagas.com.br/vagas/v2752640/desenvolvedor-de-hardware-e-firmware,2025-09-03 20:42:12
Vagas.com,Especialista de Bi,Grupo Technos,https://www.vagas.com.br/vagas/v2752291/especialista-de-bi,2025-09-03 20:42:08
Vagas.com,10915 - Desenvolvedor Full Stack Sênior (.net/Angular),Talent Group,https://www.vagas.com.br/vagas/v2756642/10915-desenvolvedor-full-stack-senior-net-angular,2025-09-03 20:42:06
Vagas.com,Desenvolvedor Angular Sênior,Minsait Brasil,https://www.vagas.com.br/vagas/v2738401/desenvolvedor-angular-senior,2025-09-03 20:42:05
Vagas.com,Desenvolvedor Sistemas III,Ânima,https://www.vagas.com.br/vagas/v2754740/desenvolvedor-sistemas-iii,2025-09-03 20:42:05
Vagas.com,Desenvolvedor Java Sênior (Projeto Global),Minsait,https://www.vagas.com.br/vagas/v2743494/desenvolvedor-java-senior-projeto-global,2025-09-03 20:42:03
Vagas.com,Desenvolvedor Sistemas I,Ânima,https://www.vagas.com.br/vagas/v2749835/desenvolvedor-sistemas-i,2025-09-03 20:42:00
Vagas.com,Desenvolvedor,Synchro,https://www.vagas.com.br/vagas/v2755232/desenvolvedor,2025-09-03 20:41:56
Vagas.com,Analista de Dados - Precificação Jr,Grupo Profarma | Rede d1000,https://www.vagas.com.br/vagas/v2757322/analista-de-dados-precificacao-jr,2025-09-03 20:41:54
Vagas.com,Desenvolvedor(a) de Eletrônica de Potência,AZ Consult,https://www.vagas.com.br/vagas/v2752680/desenvolvedor-a-de-eletronica-de-potencia,2025-09-03 20:41:52
Vagas.com,Engenheiro de Dados (Bi),TO Brasil Consultoria em Tecnologia da Informação,https://www.vagas.com.br/vagas/v2757915/engenheiro-de-dados-bi,2025-09-03 20:41:49
Vagas.com,Desenvolvedor Devops Sr,TO Brasil Consultoria em Tecnologia da Informação,https://www.vagas.com.br/vagas/v2737443/desenvolvedor-devops-sr,2025-09-03 20:41:49
Vagas.com,Desenvolvedor Sistemas Júnior,Ânima,https://www.vagas.com.br/vagas/v2749841/desenvolvedor-sistemas-junior,2025-09-03 20:41:48
Vagas.com,Desenvolvedor Backend .net Sr,Allied,https://www.vagas.com.br/vagas/v2740505/desenvolvedor-backend-net-sr,2025-09-03 20:41:44
Vagas.com,Analista de Dados I,Oncoclínicas&Co,https://www.vagas.com.br/vagas/v2754895/analista-de-dados-i,2025-09-03 20:41:44
Vagas.com,Desenvolvedor Mobile,Caixa Capitalização,https://www.vagas.com.br/vagas/v2735297/desenvolvedor-mobile,2025-09-03 20:40:35
Vagas.com,Desenvolvedor de Sistemas Jr,Marjan Farma,https://www.vagas.com.br/vagas/v2755639/desenvolvedor-de-sistemas-jr,2025-09-03 20:40:34
Vagas.com,Programa de Estágio 2025 - Data Analytics - Engenharia de Dados,Grupo Fleury,https://www.vagas.com.br/vagas/v2756931/programa-de-estagio-2025-data-analytics-engenharia-de-dados,2025-09-03 20:40:33
Vagas.com,Programador Pleno,ENGECORPS,https://www.vagas.com.br/vagas/v2757396/programador-pleno,2025-09-03 20:40:32
Vagas.com,Analista Programador de TI Sênior,Confidencial,https://www.vagas.com.br/vagas/v2755516/analista-programador-de-ti-senior,2025-09-03 20:40:32
